player_name,TS_pct,heightInCm,weightInKg
Aaron Brooks,0.521,182.9,73
Aaron Gordon,0.528,205.7,100.9
Aaron Gray,0.527,213.4,122.5
Aaron Harrison,0.288,198.1,95.3
Aaron Holiday,0.521,185.4,83.9
Aaron Jackson,0.405,190.5,83
Aaron McKie,0.476,195.6,94.8
Aaron Miles,0.405,185.4,86.2
Aaron Williams,0.554,205.7,106.6
Abdel Nader,0.513,198.1,102.8
Acie Law,0.508,190.5,90.8
Adam Mokoka,0.538,195.6,86.2
Adam Morrison,0.439,203.2,93
Admiral Schofield,0.514,195.6,109.3
Adonal Foyle,0.536,208.3,122.5
Adonis Thomas,0.485,200.7,108.9
Adreian Payne,0.55,208.3,108.4
Adrian Griffin,0.461,195.6,104.3
AJ Hammons,0.472,213.4,117.9
AJ Price,0.477,188,84.8
Al Harrington,0.52,205.7,112.5
Al Horford,0.569,208.3,111.7
Al Jefferson,0.53,208.3,125.5
Al Thornton,0.515,203.2,101.5
Alan Anderson,0.52,198.1,99.8
Alan Henderson,0.594,205.7,108.9
Alan Williams,0.523,203.2,119.1
Alando Tucker,0.495,198.1,93
Alec Burks,0.523,198.1,95.6
Alec Peters,0.523,205.7,106.6
Aleksandar Radojevic,0.406,221,113.4
Alen Smailagic,0.61,208.3,97.5
Alex Abrines,0.545,198.1,87.7
Alex Acker,0.365,195.6,83.9
Alex Caruso,0.544,195.6,84.4
Alex Garcia,0.409,190.5,88.5
Alex Kirk,0.41,213.4,111.1
Alex Len,0.546,215.9,115.3
Alex Poythress,0.54,205.7,107
Alex Stepheson,0.341,208.3,122.5
Alexander Johnson,0.571,205.7,106.6
Alexey Shved,0.489,198.1,84.1
Alexis Ajinca,0.52,218.4,108.9
Al-Farouq Aminu,0.504,205.7,98.4
Alfonzo McKinnie,0.566,203.2,97.5
Alize Johnson,0.422,205.7,96.2
Allan Houston,0.529,198.1,93
Allan Ray,0.512,188,86.2
Allen Crabbe,0.532,198.1,96.2
Allen Iverson,0.534,182.9,77.1
Allonzo Trier,0.592,195.6,90.7
Alonzo Gee,0.506,198.1,100.8
Alonzo Mourning,0.575,208.3,118.4
Amar'e Stoudemire,0.591,210.8,112
Amile Jefferson,0.532,205.7,100.7
Amir Coffey,0.443,200.7,95.3
Amir Johnson,0.618,205.7,100.1
Anderson Varejao,0.534,210.8,116.2
Andray Blatche,0.495,210.8,114.3
Andre Barrett,0.464,177.8,78.5
Andre Brown,0.444,205.7,111.1
Andre Dawkins,0.25,195.6,99.3
Andre Drummond,0.545,210.8,125.5
Andre Emmett,0.523,195.6,104.3
Andre Iguodala,0.56,198.1,95.3
Andre Ingram,0.328,190.5,86.2
Andre Miller,0.54,190.5,90.9
Andre Owens,0.463,193,90.7
Andre Roberson,0.53,200.7,95.3
Andrea Bargnani,0.524,213.4,113.5
Andreas Glyniadakis,0.475,215.9,127
Andrei Kirilenko,0.536,205.7,103
Andres Nocioni,0.515,200.7,102.1
Andrew Bogut,0.549,213.4,117
Andrew Bynum,0.564,213.4,128.1
Andrew DeClercq,0.436,208.3,115.7
Andrew Goudelock,0.331,190.5,90.7
Andrew Harrison,0.485,198.1,96.6
Andrew Nicholson,0.505,205.7,113.4
Andrew White III,0.461,200.7,95.3
Andrew Wiggins,0.521,203.2,90
Andris Biedrins,0.551,213.4,109.5
Andy Rautins,0.508,193,86.2
Anfernee Hardaway,0.428,200.7,97.5
Anfernee Simons,0.52,193,83
Angel Delgado,0.255,208.3,111.1
Ansu Sesay,0.466,205.7,102.1
Antawn Jamison,0.514,205.7,106.4
Ante Zizic,0.644,210.8,116.4
Anthony Bennett,0.466,203.2,111.6
Anthony Brown,0.786,200.7,97.5
Anthony Carter,0.464,188,88.2
Anthony Davis,0.587,210.8,109.1
Anthony Goldwire,0.359,188,82.6
Anthony Grundy,0.589,190.5,83.9
Anthony Johnson,0.515,190.5,88.5
Anthony Miller,0.667,205.7,115.7
Anthony Morrow,0.56,195.6,95.3
Anthony Parker,0.551,198.1,96.8
Anthony Peeler,0.484,193,94.3
Anthony Randolph,0.516,210.8,99.8
Anthony Roberson,0.521,188,82.9
Anthony Tolliver,0.547,205.7,109.5
Antoine Walker,0.48,205.7,111.1
Antoine Wright,0.417,200.7,97.1
Antonio Anderson,0.333,198.1,97.5
Antonio Blakeney,0.479,193,88.2
Antonio Burks,0.451,182.9,88.5
Antonio Daniels,0.546,193,93
Antonio Davis,0.498,205.7,111.1
Antonio McDyess,0.523,205.7,111.1
Antonius Cleveland,0.425,198.1,88.5
Anzejs Pasecniks,0.559,218.4,103.9
Archie Goodwin,0.536,195.6,90.8
Arinze Onuaku,0.509,205.7,121.7
Armon Johnson,0.506,190.5,88.5
Arnett Moultrie,0.522,208.3,110
Aron Baynes,0.55,208.3,117.9
Arron Afflalo,0.551,195.6,96.9
Arvydas Macijauskas,0.462,193,97.1
Austin Croshere,0.527,208.3,107.7
Austin Daye,0.486,210.8,92.2
Austin Rivers,0.503,193,90.7
Avery Bradley,0.5,190.5,81.6
Awvee Storey,0.425,198.1,102.1
Axel Toupane,0.551,200.7,95.3
Bam Adebayo,0.598,208.3,115.7
Baron Davis,0.498,190.5,97.8
Ben Gordon,0.533,190.5,90.9
Ben Handlogten,0.525,208.3,108.9
Ben Hansbrough,0.501,190.5,92.1
Ben McLemore,0.542,195.6,88.8
Ben Simmons,0.582,208.3,105.8
Ben Uzoh,0.423,190.5,93
Ben Wallace,0.455,205.7,108.9
Beno Udrih,0.529,190.5,92.5
Bernard James,0.546,208.3,108.1
Bernard Robinson,0.471,198.1,95.3
Billy Garrett,0.452,198.1,97.5
Billy Thomas,0.442,195.6,99.5
Bismack Biyombo,0.555,205.7,113.1
BJ Johnson,0.477,200.7,90.7
Blake Ahearn,0.478,188,86.2
Blake Griffin,0.553,208.3,113.8
Bo Outlaw,0.582,203.2,99.8
Bob Sura,0.533,195.6,90.7
Boban Marjanovic,0.63,223.5,131.5
Bobby Brown,0.463,188,79.4
Bobby Jackson,0.509,185.4,83.9
Bobby Jones,0.522,200.7,97.5
Bobby Portis,0.524,210.8,111
Bobby Simmons,0.445,198.1,104.7
Bogdan Bogdanovic,0.549,198.1,95.3
Bojan Bogdanovic,0.587,203.2,100.5
Boniface Ndong,0.439,213.4,93
Bonzi Wells,0.491,195.6,95.3
Bonzie Colson,0.454,198.1,102.1
Boris Diaw,0.545,203.2,107.1
Bostjan Nachbar,0.532,205.7,100.2
Bracey Wright,0.514,190.5,93.2
Brad Miller,0.555,213.4,118.4
Brad Wanamaker,0.577,193,95.3
Bradley Beal,0.552,195.6,93.9
Brandan Wright,0.617,208.3,96.2
Branden Dawson,0.46,198.1,102.1
Brandon Bass,0.545,203.2,112.3
Brandon Clarke,0.67,203.2,97.5
Brandon Davies,0.47,208.3,108.9
Brandon Goodwin,0.46,188,81.6
Brandon Hunter,0.527,200.7,120.7
Brandon Ingram,0.539,205.7,86.2
Brandon Jennings,0.494,185.4,76.8
Brandon Knight,0.514,190.5,86
Brandon Paul,0.504,193,90.7
Brandon Roy,0.513,198.1,98.4
Brandon Rush,0.513,198.1,98.9
Brandon Sampson,0.567,195.6,83.5
Brendan Haywood,0.534,213.4,119.4
Brent Barry,0.611,200.7,95.3
Brevin Knight,0.465,177.8,76.7
Brian Cardinal,0.53,203.2,110
Brian Cook,0.49,205.7,113.4
Brian Grant,0.492,205.7,115.2
Brian Roberts,0.519,185.4,79.1
Brian Scalabrine,0.493,205.7,106.6
Brian Skinner,0.367,205.7,117.4
Briante Weber,0.456,188,74.8
Brice Johnson,0.386,208.3,104.3
Britton Johnsen,0.273,208.3,95.3
Brook Lopez,0.566,213.4,122.2
Bruce Bowen,0.528,200.7,90.7
Bruce Brown,0.493,195.6,91.6
Bruno Caboclo,0.398,205.7,95
Bruno Fernando,0.544,205.7,108.9
Bruno Sundov,0.33,218.4,117.9
Bryce Cotton,0.46,185.4,74.8
Bryce Dejean-Jones,0.505,198.1,92.1
Bryn Forbes,0.535,190.5,87.9
Bryon Russell,0.269,200.7,102.1
Buddy Hield,0.563,193,97.7
Byron Mullens,0.443,213.4,124.7
C.J. Watson,0.524,188,79.6
C.J. Williams,0.531,195.6,103.4
Calbert Cheaney,0.428,200.7,96.8
Caleb Martin,0.516,195.6,93
Caleb Swanigan,0.474,205.7,114.9
Calvin Booth,0.485,210.8,109.9
Cam Reddish,0.497,203.2,98.9
Cameron Bairstow,0.35,205.7,113.4
Cameron Johnson,0.576,203.2,95.3
Cameron Payne,0.479,190.5,84.5
Cameron Reynolds,0.58,203.2,102.1
Caris LeVert,0.524,200.7,92.4
Carl Landry,0.595,205.7,112.5
Carldell Johnson,0.372,177.8,81.6
Carlos Arroyo,0.514,188,91.5
Carlos Boozer,0.549,205.7,119.7
Carlos Delfino,0.508,198.1,104.3
Carmelo Anthony,0.539,203.2,105.8
Caron Butler,0.527,200.7,103
Carrick Felix,0.603,198.1,91.2
Carsen Edwards,0.446,180.3,90.7
Cartier Martin,0.493,200.7,99.8
Casey Jacobsen,0.496,198.1,97.5
Casper Ware,0.538,177.8,79.4
Cedi Osman,0.557,203.2,99.8
Cedric Bozeman,0.312,198.1,93.9
Cedric Jackson,0.396,190.5,86.2
Cedric Simmons,0.367,205.7,106.6
Chandler Hutchison,0.514,200.7,92.3
Chandler Parsons,0.523,208.3,103.7
Channing Frye,0.546,213.4,113.2
Charles Brown Jr.,0.472,198.1,90.3
Charles Jenkins,0.454,190.5,98.7
Charles Smith,0.53,193,90.7
Charlie Bell,0.49,190.5,90.7
Charlie Villanueva,0.511,210.8,105.9
Charlie Ward,0.453,188,83.9
Chase Budinger,0.53,200.7,97.1
Chasson Randle,0.513,188,83.9
Chauncey Billups,0.581,190.5,93.1
Cheick Diallo,0.615,205.7,99.7
Cheikh Samb,0.466,215.9,111.1
Chimezie Metu,0.493,208.3,102.1
Chinanu Onuaku,0.6,208.3,111.1
Chris Andersen,0.581,208.3,106
Chris Babb,0.367,195.6,102.1
Chris Bosh,0.574,210.8,105.6
Chris Boucher,0.379,208.3,90.7
Chris Chiozza,0.442,182.9,79.4
Chris Clemons,0.547,175.3,81.6
Chris Copeland,0.534,205.7,105.9
Chris Douglas-Roberts,0.5,200.7,94.5
Chris Duhon,0.515,185.4,84.9
Chris Hunter,0.546,210.8,108.9
Chris Johnson,0.551,210.8,93.2
Chris Kaman,0.524,213.4,120.2
Chris McCullough,0.491,210.8,95.3
Chris Mihm,0.477,213.4,120.2
Chris Paul,0.582,185.4,79.4
Chris Quinn,0.463,188,80.1
Chris Richard,0.522,205.7,119.3
Chris Silva,0.663,203.2,106.1
Chris Singleton,0.456,205.7,104
Chris Taft,0.578,208.3,118.4
Chris Webber,0.48,208.3,111.1
Chris Wilcox,0.583,208.3,106.6
Chris Wright,0.558,205.7,100.1
Christian Eyenga,0.387,200.7,95.3
Christian Laettner,0.619,210.8,111.1
Christian Wood,0.585,210.8,98.4
Chuck Hayes,0.518,198.1,109.8
Chucky Atkins,0.5,180.3,82
CJ McCollum,0.545,193,88.1
CJ Miles,0.519,198.1,101.5
CJ Wilcox,0.449,195.6,88.5
Clar. Weatherspoon,0.475,200.7,122.5
Cleanthony Early,0.409,203.2,97.5
Cliff Alexander,0.5,203.2,108.9
Clifford Robinson,0.469,208.3,109.6
Clint Capela,0.589,208.3,108.9
Coby Karl,0.449,195.6,97.5
Coby White,0.507,193,88.5
Cody Martin,0.5,195.6,93
Cody Zeller,0.573,213.4,108.9
Cole Aldrich,0.543,210.8,111.9
Collin Sexton,0.539,188,86.2
Corey Brewer,0.499,205.7,84.7
Corey Maggette,0.568,198.1,102.1
Corliss Williamson,0.534,200.7,111.1
Corsley Edwards,0.372,205.7,124.7
Cory Alexander,0.451,185.4,86.2
Cory Higgins,0.377,195.6,81.6
Cory Jefferson,0.463,205.7,98.9
Cory Joseph,0.505,190.5,86.3
Coty Clarke,0.75,200.7,102.1
Courtney Fortson,0.453,180.3,83.9
Courtney Lee,0.555,195.6,91.9
Courtney Sims,0.25,210.8,111.1
Craig Brackins,0.288,208.3,104.3
Craig Smith,0.582,203.2,117.3
Cristiano Felicio,0.611,208.3,123
Curtis Borchardt,0.492,213.4,109.8
Cuttino Mobley,0.525,193,97.5
D.J. Augustin,0.552,182.9,82.6
D.J. Kennedy,0.466,195.6,97.1
D.J. Wilson,0.537,208.3,105.5
Daequan Cook,0.492,195.6,94.9
Dahntay Jones,0.503,198.1,98.1
Dairis Bertans,0.362,193,90.7
DaJuan Summers,0.419,203.2,108.9
Dajuan Wagner,0.726,190.5,90.7
Dakari Johnson,0.575,213.4,115.7
Dale Davis,0.474,210.8,114.3
Damian Jones,0.604,213.4,111.1
Damian Lillard,0.578,190.5,88.5
Damien Inglis,0.444,203.2,111.6
Damien Wilkins,0.496,198.1,101.7
Damion James,0.301,200.7,101.5
Damion Lee,0.538,198.1,95.3
Damir Markota,0.449,208.3,102.1
Damjan Rudez,0.543,208.3,99.5
Damon Jones,0.551,190.5,86.6
Damon Stoudamire,0.489,177.8,78.6
Damone Brown,0.409,203.2,91.6
Damyean Dotson,0.528,198.1,95.3
Dan Dickau,0.525,182.9,83.9
Dan Gadzuric,0.423,210.8,109.7
D'Angelo Russell,0.524,195.6,88.5
Daniel Ewing,0.477,190.5,83.9
Daniel Gafford,0.676,208.3,106.1
Daniel Gibson,0.54,188,89.7
Daniel Hamilton,0.5,200.7,88.5
Daniel Ochefu,0.43,210.8,111.1
Daniel Orton,0.527,208.3,118.7
Daniel Santiago,0.426,215.9,116.1
Daniel Theis,0.62,205.7,110.5
Danilo Gallinari,0.589,208.3,102.4
Danny Fortson,0.621,203.2,117.9
Danny Granger,0.531,205.7,103.1
Danny Green,0.56,198.1,96.7
Dante Cunningham,0.522,203.2,103.9
Dante Exum,0.527,198.1,88.4
Danuel House Jr.,0.584,200.7,99.8
DaQuan Jeffries,0.5,195.6,104.3
Dario Saric,0.555,208.3,101.4
Darius Bazley,0.475,203.2,94.3
Darius Garland,0.498,185.4,87.1
Darius Miles,0.508,205.7,99
Darius Miller,0.478,203.2,103
Darius Morris,0.463,193,87.3
Darius Songaila,0.532,205.7,111.5
Darius Washington,0.493,188,88.5
Darko Milicic,0.425,213.4,121.7
Darnell Jackson,0.452,205.7,114.8
Darrell Armstrong,0.48,185.4,81.6
Darrell Arthur,0.5,205.7,106.1
Darren Collison,0.568,188,77.8
Darrick Martin,0.404,180.3,77.1
Darrun Hilliard,0.444,198.1,95.3
Darryl Watkins,0.437,210.8,117
Darvin Ham,0.454,200.7,108.9
Daryl Macon,0.491,190.5,83.9
David Andersen,0.505,210.8,111.6
David Harrison,0.543,213.4,127
David Lee,0.582,205.7,110.5
David Noel,0.47,198.1,104.3
David Nwaba,0.585,195.6,97.1
David Stockton,0.757,180.3,74.8
David Wesley,0.492,185.4,92.1
David West,0.544,205.7,110.4
Davis Bertans,0.614,208.3,98.7
Davon Reed,0.444,198.1,94.8
De'Aaron Fox,0.525,190.5,80.9
Dean Wade,0.744,205.7,103.4
Deandre Ayton,0.59,215.9,113.4
DeAndre' Bembry,0.492,198.1,95.3
De'Andre Hunter,0.516,200.7,102.1
DeAndre Jordan,0.634,210.8,119.1
DeAndre Liggins,0.593,198.1,94.8
De'Anthony Melton,0.498,193,90.7
Dee Brown,0.43,182.9,83
Dejounte Murray,0.508,195.6,78.6
DeJuan Blair,0.517,200.7,122.1
Delon Wright,0.546,195.6,85.1
Delonte West,0.535,193,81.6
DeMar DeRozan,0.541,200.7,99.3
DeMarcus Cousins,0.539,210.8,122.5
DeMarcus Nelson,0.44,193,90.7
DeMarre Carroll,0.512,203.2,96.5
Demetris Nichols,0.34,203.2,98
Demetrius Jackson,0.611,185.4,91.2
Deng Adel,0.424,200.7,90.7
Dennis Horner,0.434,205.7,104.3
Dennis Schroder,0.514,185.4,77.5
Dennis Smith Jr.,0.458,190.5,90
Denzel Valentine,0.51,198.1,97.7
Deonte Burton,0.448,195.6,110
DeQuan Jones,0.485,203.2,100.2
Derek Anderson,0.521,195.6,88.5
Derek Fisher,0.515,185.4,94.6
DerMarr Johnson,0.534,205.7,94.2
Deron Williams,0.549,190.5,93.4
Derrick Brown,0.555,203.2,102.8
Derrick Byars,0.392,200.7,99.8
Derrick Caracter,0.532,205.7,124.7
Derrick Coleman,0.294,208.3,122.5
Derrick Favors,0.563,208.3,117.8
Derrick Jones Jr.,0.561,200.7,90.7
Derrick Rose,0.518,190.5,87
Derrick Walton Jr.,0.571,185.4,83.9
Derrick White,0.594,193,86.2
Derrick Williams,0.488,203.2,109
Derrick Zimmerman,0.667,190.5,88.5
DeSagana Diop,0.414,213.4,127
DeShawn Stevenson,0.479,195.6,98.1
Desmon Farmer,0.429,195.6,99.8
Desmond Mason,0.488,195.6,100.7
DeVaughn Akoon-Purcell,0.322,198.1,90.7
Devean George,0.49,203.2,107
Devin Booker,0.565,198.1,94.2
Devin Brown,0.502,195.6,97.5
Devin Ebanks,0.461,205.7,97.5
Devin Green,0.336,200.7,96.2
Devin Harris,0.55,190.5,85.1
Devin Robinson,0.475,203.2,90.7
Devon Hall,0.37,188,97.5
Devonte' Graham,0.497,188,86.2
Devyn Marble,0.365,198.1,90.7
Dewan Hernandez,0.34,208.3,106.6
Dewayne Dedmon,0.57,213.4,111.8
Dexter Pittman,0.289,210.8,131.9
Deyonta Davis,0.61,210.8,108
Diamond Stone,0.339,210.8,115.7
Diante Garrett,0.417,193,86.2
Dijon Thompson,0.512,203.2,89.6
Dikembe Mutombo,0.573,218.4,118.8
Dillon Brooks,0.512,200.7,100.5
Dion Glover,0.473,195.6,102.1
Dion Waiters,0.501,193,98.9
Dionte Christmas,0.489,195.6,93
Dirk Nowitzki,0.569,213.4,111.1
DJ Mbenga,0.487,213.4,114.4
DJ Stephens,0.485,195.6,85.3
DJ Strawberry,0.364,195.6,91.2
DJ White,0.467,205.7,112.5
Domantas Sabonis,0.563,210.8,110.2
Dominic McGuire,0.428,205.7,102.1
Dominique Jones,0.444,195.6,97.5
Donald Sloan,0.473,190.5,93
Donatas Motiejunas,0.5,213.4,103
Donell Taylor,0.437,195.6,85.3
Donovan Mitchell,0.547,190.5,97.5
Donta Hall,0.434,205.7,103.9
Donta Smith,0.531,200.7,97.5
Donte DiVincenzo,0.537,193,92.1
Donte Greene,0.479,210.8,102.5
Dontell Jefferson,0.559,195.6,88.5
Donyell Marshall,0.544,205.7,107
Dorell Wright,0.506,205.7,93.8
Dorian Finney-Smith,0.523,203.2,99.8
Doron Lamb,0.488,193,93
Doug Christie,0.414,198.1,93
Doug McDermott,0.57,203.2,101.2
Dragan Bender,0.496,215.9,104.8
Draymond Green,0.515,200.7,104.3
Drew Eubanks,0.726,208.3,111.1
Drew Gooden,0.499,208.3,112.8
Drew Gordon,0.428,205.7,111.1
Duje Dukan,0.3,205.7,99.8
Duncan Robinson,0.597,203.2,96.4
Dusty Hannahs,0.459,193,91.9
Dwayne Bacon,0.473,200.7,100.2
Dwayne Jones,0.403,210.8,113.8
Dwight Buycks,0.499,190.5,86.2
Dwight Howard,0.606,210.8,120.1
Dwight Powell,0.619,210.8,108.9
Dwyane Wade,0.552,193,98.8
Dzanan Musa,0.441,205.7,96.4
Earl Barron,0.408,213.4,114
Earl Boykins,0.506,165.1,60.3
Earl Clark,0.447,208.3,103.4
Earl Watson,0.477,185.4,87.4
Ed Davis,0.567,208.3,105.1
Eddie Basden,0.471,195.6,97.5
Eddie Gill,0.553,182.9,85.4
Eddie Griffin,0.393,208.3,106.1
Eddie House,0.533,185.4,80.4
Eddie Jones,0.528,198.1,90.7
Eddy Curry,0.568,213.4,131
Edmond Sumner,0.645,198.1,84.7
Eduardo Najera,0.503,203.2,105.7
Edwin Ubiles,0.362,198.1,92.5
Edy Tavares,0.594,221,119.1
Ekpe Udoh,0.526,208.3,111.1
Elden Campbell,0.408,213.4,126.6
Elfrid Payton,0.494,193,84.7
Elie Okobo,0.5,190.5,86.2
Elijah Millsap,0.341,200.7,99
Elliot Williams,0.468,196,86
Elton Brand,0.524,205.7,115.9
Emanuel Terry,0.571,205.7,99.8
Emeka Okafor,0.534,208.3,115.3
Emmanuel Mudiay,0.495,195.6,90.7
Enes Kanter,0.585,210.8,114
Eric Bledsoe,0.546,185.4,90.4
Eric Dawson,0.582,205.7,113.4
Eric Gordon,0.554,193,98.1
Eric Maynor,0.458,190.5,79.4
Eric Mika,0.773,208.3,105.7
Eric Moreland,0.637,208.3,105.7
Eric Paschall,0.573,198.1,115.7
Eric Piatkowski,0.531,200.7,97.5
Eric Snow,0.395,190.5,93
Eric Williams,0.511,203.2,99.8
Erick Dampier,0.552,210.8,120.2
Erick Green,0.452,193,83.9
Erick Strickland,0.453,190.5,98.9
Erik Daniels,0.361,203.2,97.1
Ersan Ilyasova,0.54,208.3,106.6
Ervin Johnson,0.491,210.8,111.1
Esteban Batista,0.507,208.3,122
Etan Thomas,0.542,208.3,117.9
E'Twaun Moore,0.524,193,86.6
Evan Fournier,0.566,200.7,92.4
Evan Turner,0.487,200.7,98.4
Fab Melo,0.451,213.4,115.7
Fabricio Oberto,0.588,208.3,111.1
Festus Ezeli,0.535,210.8,118.7
Flip Murray,0.484,190.5,89.8
Francisco Elson,0.471,213.4,107.4
Francisco Garcia,0.516,200.7,89.4
Frank Jackson,0.511,190.5,93
Frank Kaminsky,0.54,213.4,109.2
Frank Mason,0.422,180.3,86.2
Frank Ntilikina,0.448,198.1,89.2
Fred Hoiberg,0.664,195.6,95.3
Fred Jones,0.53,188,100.5
Fred VanVleet,0.521,185.4,88.7
Furkan Aldemir,0.517,208.3,108.9
Furkan Korkmaz,0.493,200.7,88
Gabe Pruitt,0.412,193,77.1
Gabe Vincent,0.316,190.5,90.7
Gal Mekel,0.275,190.5,86.6
Garret Siler,0.553,210.8,138.3
Garrett Temple,0.503,198.1,88.2
Garrison Mathews,0.726,195.6,97.5
Gary Clark,0.515,203.2,102.1
Gary Forbes,0.519,200.7,99.8
Gary Harris,0.535,193,95.3
Gary Neal,0.49,193,95.3
Gary Payton,0.505,193,84.7
Gary Payton II,0.504,190.5,86.7
Gary Trent Jr.,0.47,198.1,93.9
Geno Carlisle,0.709,190.5,90.7
George Hill,0.574,190.5,84.1
George Lynch,0.412,203.2,106.6
Georges Niang,0.473,203.2,104.4
Georgios Papagiannis,0.501,215.9,108.9
Gerald Fitch,0.424,190.5,85.3
Gerald Green,0.527,203.2,92.6
Gerald Henderson,0.51,195.6,97.5
Gerald Wallace,0.539,200.7,99.2
Gian Clavell,0.53,193,83.9
Giannis Antetokounmpo,0.584,210.8,101.9
Gigi Datome,0.498,203.2,97.5
Gilbert Arenas,0.523,193,95.9
Glen Davis,0.498,205.7,131.1
Glen Rice,0.356,198.1,93.4
Glenn Robinson,0.517,200.7,108.9
Glenn Robinson III,0.527,200.7,100.2
Goga Bitadze,0.53,210.8,113.4
Goran Dragic,0.551,193,85.8
Gordan Giricek,0.521,198.1,97.7
Gordon Hayward,0.562,203.2,99.8
Gorgui Dieng,0.563,210.8,110.6
Grant Hill,0.546,203.2,102.1
Grant Jerrett,0.303,208.3,105.2
Grant Williams,0.511,198.1,107
Grayson Allen,0.547,195.6,89.8
Greg Buckner,0.525,193,94.8
Greg Monroe,0.555,210.8,116.4
Greg Oden,0.604,213.4,127.5
Greg Ostertag,0.468,218.4,127
Greg Smith,0.61,208.3,113.4
Greg Stiemsma,0.595,210.8,117.9
Greivis Vasquez,0.481,198.1,95.8
Guerschon Yabusele,0.551,203.2,117.9
Guillermo Diaz,0.403,188,83.9
Gustavo Ayon,0.532,208.3,113.4
Ha Ha,0.52,221,138.3
Hakim Warrick,0.538,205.7,99.1
Hamady Ndiaye,0.333,213.4,106.6
Hamed Haddadi,0.514,218.4,119.2
Hamidou Diallo,0.492,195.6,90.7
Harrison Barnes,0.544,203.2,100.4
Harry Giles III,0.558,210.8,108.9
Hasheem Thabeet,0.565,221,119.7
Hassan Adams,0.465,193,99.8
Hassan Whiteside,0.507,213.4,116.8
Haywood Highsmith,0.414,200.7,99.8
Hedo Turkoglu,0.524,208.3,99.8
Henry Ellenson,0.4,210.8,110.6
Henry Sims,0.557,208.3,112.2
Henry Walker,0.58,198.1,102.5
Hilton Armstrong,0.504,210.8,106.6
Hollis Thompson,0.529,203.2,93.4
Horace Jenkins,0.414,185.4,81.6
Howard Eisley,0.458,188,83.9
Ian Clark,0.52,190.5,79.6
Ian Mahinmi,0.582,210.8,111.4
Ignas Brazdeikis,0.351,198.1,100.2
Ike Anigbogu,0.279,208.3,116.1
Ike Diogu,0.541,205.7,114.5
Iman Shumpert,0.486,195.6,99.1
Ime Udoka,0.456,195.6,99.8
Ira Newble,0.48,200.7,99.8
Isaac Bonga,0.433,203.2,81.6
Isaac Humphries,0.357,213.4,117.9
Isaiah Briscoe,0.455,190.5,97.5
Isaiah Canaan,0.518,182.9,90.1
Isaiah Hartenstein,0.618,213.4,113.2
Isaiah Hicks,0.545,205.7,107
Isaiah Taylor,0.341,190.5,77.1
Isaiah Thomas,0.552,175.3,83.9
Isaiah Whitehead,0.509,193,96.6
Ish Smith,0.454,182.9,79.4
Ivan Johnson,0.552,203.2,115.7
Ivan McFarlin,0.466,200.7,103.9
Ivan Rabb,0.593,208.3,99.8
Ivica Zubac,0.588,215.9,108.9
J.J. Barea,0.51,182.9,81.3
J.R. Giddens,0.58,195.6,97.5
Ja Morant,0.569,190.5,78.9
Jabari Bird,0.615,198.1,89.8
Jabari Brown,0.547,195.6,97.1
Jabari Parker,0.549,203.2,111.9
Jabari Smith,0.482,210.8,113.4
Jack Cooley,0.499,208.3,117.9
Jackie Butler,0.711,208.3,116.4
Jackson Vroman,0.443,208.3,99.8
Jacob Evans,0.405,198.1,95.3
Jacob Pullen,0.5,185.4,90.7
Jacob Wiley,0.41,203.2,101.2
Jacque Vaughn,0.473,185.4,86.2
Jae Crowder,0.542,198.1,106.6
Jahidi White,0.432,205.7,131.5
Jahlil Okafor,0.58,210.8,122.9
JaJuan Johnson,0.456,208.3,100.2
JaKarr Sampson,0.568,205.7,96.5
Jake Layman,0.47,205.7,95.7
Jake Tsakalidis,0.548,218.4,131.5
Jake Voskuhl,0.478,210.8,115.7
Jakob Poeltl,0.626,215.9,106
Jalen Brunson,0.551,190.5,86.2
Jalen Jones,0.517,200.7,99.8
Jalen Lecque,0.46,193,83.9
Jalen McDaniels,0.564,208.3,93
Jalen Rose,0.564,203.2,97.5
Jamaal Franklin,0.62,195.6,86.6
Jamaal Magloire,0.475,210.8,118.4
Jamaal Tinsley,0.436,190.5,86
Jamal Crawford,0.535,195.6,88.6
Jamal Murray,0.548,193,94.8
Jamal Sampson,0.576,210.8,106.6
Jamario Moon,0.505,203.2,92.1
Jameel Warney,0.599,203.2,117.9
Jameer Nelson,0.528,182.9,86.2
Jamel Artis,0.457,200.7,96.6
James Anderson,0.51,198.1,96.9
James Augustine,0.433,208.3,106.6
James Ennis III,0.58,200.7,95.5
James Harden,0.609,195.6,100
James Johnson,0.537,205.7,111.5
James Jones,0.572,203.2,98.6
James Lang,0.491,208.3,138.3
James Michael McAdoo,0.542,205.7,106.6
James Nunnally,0.472,200.7,93.7
James Posey,0.545,203.2,98.3
James Singleton,0.541,203.2,103
James Southerland,0.441,203.2,97.5
James Thomas,0.565,205.7,108.9
James Webb III,0.333,205.7,91.6
James White,0.576,200.7,93
James Young,0.475,198.1,97.5
Jamil Wilson,0.634,200.7,103.9
Jamison Brewer,0.363,193,88.5
JaMychal Green,0.566,205.7,103.2
Jan Vesely,0.507,213.4,109.2
Jannero Pargo,0.495,185.4,81.9
Jared Cunningham,0.48,193,88.5
Jared Dudley,0.571,200.7,103.4
Jared Harper,0.25,177.8,79.4
Jared Jeffries,0.456,210.8,108.4
Jared Reiner,0.34,210.8,115.7
Jared Sullinger,0.475,205.7,117.9
Jared Terrell,0.372,190.5,103
Jarell Eddie,0.328,200.7,98.9
Jarell Martin,0.514,208.3,108.4
Jaren Jackson Jr.,0.591,210.8,109.8
Jarnell Stokes,0.657,205.7,118.1
Jaron Blossomgame,0.51,203.2,99.8
Jarred Vanderbilt,0.595,205.7,97.1
Jarrett Allen,0.642,210.8,108
Jarrett Culver,0.463,198.1,88.5
Jarrett Jack,0.552,190.5,90.1
Jarrod Uthoff,0.371,205.7,100
Jarron Collins,0.479,210.8,112.8
Jarvis Hayes,0.509,203.2,102.2
Jarvis Varnado,0.527,205.7,104.3
Jason Collier,0.494,213.4,117.9
Jason Collins,0.438,213.4,115.9
Jason Hart,0.463,190.5,82.8
Jason Kapono,0.501,203.2,97.4
Jason Kidd,0.526,193,95.3
Jason Maxiell,0.501,200.7,117.9
Jason Richardson,0.528,198.1,102.1
Jason Smith,0.509,213.4,109.1
Jason Terry,0.562,188,82.3
Jason Thompson,0.533,210.8,113.4
Jason Williams,0.514,185.4,82.4
JaVale McGee,0.579,213.4,118.5
Javaris Crittenton,0.493,195.6,90.7
Javonte Green,0.558,193,93
Jawad Williams,0.464,205.7,99.9
Jawun Evans,0.318,182.9,86.2
Jaxson Hayes,0.675,210.8,99.8
Jaylen Adams,0.474,188,86.2
Jaylen Brown,0.559,200.7,101.3
Jaylen Hoard,0.504,203.2,98
Jaylen Morris,0.449,195.6,83.9
Jaylen Nowell,0.487,193,91.2
Jayson Tatum,0.566,203.2,94.2
Jeff Adrien,0.498,201,111
Jeff Ayres,0.58,205.7,111.9
Jeff Foote,0.333,213.4,120.2
Jeff Foster,0.539,210.8,112.9
Jeff Green,0.541,205.7,106.6
Jeff McInnis,0.464,193,83.7
Jeff Teague,0.54,190.5,83.9
Jeff Withey,0.554,213.4,104.2
Jeffery Taylor,0.483,200.7,102.1
Jelani McCoy,0.646,208.3,111.1
Jemerrio Jones,0.398,195.6,78.9
Jerami Grant,0.552,205.7,96.8
Jerel McNeal,0.379,190.5,90.7
Jeremy Evans,0.679,205.7,89.5
Jeremy Lamb,0.535,195.6,83.3
Jeremy Lin,0.546,190.5,90.7
Jeremy Pargo,0.475,188,99.3
Jeremy Richardson,0.494,200.7,88.5
Jeremy Tyler,0.462,208.3,116.4
Jerian Grant,0.522,193,90.3
Jermaine Jackson,0.543,195.6,92.5
Jermaine O'Neal,0.52,210.8,115.9
Jermaine Taylor,0.498,193,95.3
Jermareo Davidson,0.466,208.3,104.3
Jerome Dyson,0.525,190.5,81.6
Jerome James,0.581,215.9,127.2
Jerome Jordan,0.585,213.4,111.8
Jerome Moiso,0.59,208.3,117.9
Jerome Robinson,0.467,195.6,86.2
Jerome Williams,0.563,205.7,93.4
Jerry Smith,0.25,188,86.2
Jerry Stackhouse,0.482,198.1,98.9
Jerryd Bayless,0.513,190.5,91
Jevon Carter,0.482,188,89.8
Jim Jackson,0.459,198.1,99.8
Jimmer Fredette,0.512,188,88.5
Jimmy Butler,0.566,203.2,102.3
Jiri Welsch,0.5,200.7,94.3
JJ Hickson,0.533,205.7,109.8
JJ Redick,0.596,193,87.2
Joakim Noah,0.53,210.8,105
Jodie Meeks,0.56,193,94.8
Joe Alexander,0.384,203.2,104.3
Joe Crawford,0.414,195.6,95.3
Joe Harris,0.556,198.1,99.8
Joe Ingles,0.583,203.2,101.3
Joe Johnson,0.536,200.7,107.9
Joe Smith,0.475,208.3,102.1
Joe Young,0.461,188,82.4
Joel Anthony,0.562,205.7,111.1
Joel Bolomboy,0.556,205.7,106.6
Joel Embiid,0.585,213.4,116.8
Joel Freeland,0.485,208.3,102.1
Joel Przybilla,0.525,215.9,113.1
Joey Dorsey,0.498,205.7,122.4
Joey Graham,0.546,200.7,102.4
Joffrey Lauvergne,0.518,210.8,104.3
Johan Petro,0.484,213.4,112
John Collins,0.636,208.3,106.6
John Edwards,0.455,213.4,124.7
John Henson,0.558,210.8,101.8
John Jenkins,0.553,193,97.5
John Konchar,0.702,195.6,95.3
John Lucas III,0.405,180.3,75.9
John Salmons,0.512,198.1,94
John Thomas,0.485,205.7,120.2
John Wall,0.517,193,90.7
Johnathan Motley,0.629,208.3,104.3
Johnathan Williams,0.621,205.7,103.4
Johnny O'Bryant III,0.468,205.7,117.5
Jon Barry,0.562,195.6,95.3
Jon Brockman,0.497,200.7,115.7
Jon Leuer,0.537,208.3,103.4
Jonah Bolden,0.494,208.3,100.9
Jonas Jerebko,0.555,208.3,104.8
Jonas Valanciunas,0.613,213.4,114.1
Jonathan Bender,0.6,213.4,101
Jonathan Gibson,0.616,188,83.9
Jonathan Isaac,0.515,210.8,98.3
Jonathon Simmons,0.528,198.1,88.5
Jonny Flynn,0.466,182.9,83.9
Jordan Adams,0.458,195.6,94.8
Jordan Bell,0.583,205.7,100.4
Jordan Bone,0.3,190.5,81.6
Jordan Clarkson,0.539,195.6,87.3
Jordan Crawford,0.526,195.6,88.5
Jordan Farmar,0.525,188,81.6
Jordan Hamilton,0.509,200.7,99.8
Jordan Hill,0.518,208.3,106.9
Jordan Loyd,0.635,193,95.3
Jordan McLaughlin,0.588,180.3,83.9
Jordan McRae,0.529,195.6,81.2
Jordan Mickey,0.462,203.2,106.6
Jordan Poole,0.448,193,88
Jordan Williams,0.544,208.3,117.9
Jorge Garbajosa,0.472,205.7,111.1
Jorge Gutierrez,0.595,190.5,87.5
Jose Calderon,0.56,190.5,93.7
Josh Akognon,0.625,180.3,83.9
Josh Boone,0.538,208.3,108.7
Josh Childress,0.474,203.2,95.2
Josh Davis,0.438,203.2,107.7
Josh Gray,0.425,185.4,81.6
Josh Harrellson,0.519,208.3,124.7
Josh Hart,0.562,195.6,97.5
Josh Howard,0.501,200.7,95.3
Josh Huestis,0.513,200.7,104.3
Josh Jackson,0.497,203.2,91.8
Josh Magette,0.421,185.4,72.6
Josh McRoberts,0.482,208.3,108.9
Josh Okogie,0.523,193,96.4
Josh Powell,0.468,205.7,106.9
Josh Richardson,0.535,198.1,90.7
Josh Selby,0.388,188,83
Josh Smith,0.482,205.7,104.3
JR Smith,0.528,198.1,100.5
Jrue Holiday,0.526,193,89.9
Juan Carlos Navarro,0.54,190.5,77.1
Juan Dixon,0.503,190.5,74.6
Juan Toscano-Anderson,0.537,198.1,94.8
Juancho Hernangomez,0.549,205.7,102.5
Julian Washburn,0.402,203.2,94.8
Julian Wright,0.526,203.2,102.1
Julius Hodge,0.469,200.7,97.5
Julius Randle,0.504,205.7,113.4
Julyan Stone,0.652,198.1,90.7
Jumaine Jones,0.483,203.2,100.7
Junior Harrington,0.453,193,86.2
Justin Anderson,0.467,198.1,104.1
Justin Hamilton,0.562,213.4,115.7
Justin Harper,0.472,208.3,102.1
Justin Holiday,0.51,198.1,83.3
Justin Jackson,0.526,203.2,96.8
Justin James,0.487,200.7,86.2
Justin Patton,0.422,213.4,108.6
Justin Reed,0.495,203.2,108.9
Justin Robinson,0.542,185.4,88.5
Justin Williams,0.493,208.3,111.1
Justise Winslow,0.467,200.7,101.8
Jusuf Nurkic,0.514,213.4,126.6
Juwan Howard,0.486,205.7,111.8
Juwan Morgan,0.559,200.7,105.2
Kadeem Allen,0.484,190.5,90.7
Kalin Lucas,0.266,185.4,86.4
Kaniel Dickens,0.385,203.2,97.5
Kareem Rush,0.461,198.1,97.5
Karl-Anthony Towns,0.624,213.4,111.8
Kasib Powell,0.424,200.7,97.5
Kawhi Leonard,0.591,200.7,103.6
Kay Felder,0.421,175.3,79.8
Kedrick Brown,0.577,200.7,100.7
Keita Bates-Diop,0.515,205.7,103.9
Keith Appling,0.338,185.4,83.9
Keith Bogans,0.55,195.6,97.5
Keith Langford,0.25,193,97.5
Keith McLeod,0.475,188,86.2
Keith Van Horn,0.545,208.3,111.1
Kelan Martin,0.506,195.6,104.3
Keldon Johnson,0.579,195.6,99.8
Kelenna Azubuike,0.546,195.6,99.3
Kelly Olynyk,0.591,213.4,108.7
Kelly Oubre Jr.,0.534,200.7,92.8
Kelvin Cato,0.499,210.8,124.7
Kemba Walker,0.533,185.4,83.5
Kendall Gill,0.479,195.6,98
Kendall Marshall,0.49,193,89.6
Kendrick Nunn,0.54,188,86.2
Kendrick Perkins,0.535,208.3,124.4
Kenneth Faried,0.581,203.2,103
Kenny Anderson,0.467,185.4,76.2
Kenny Thomas,0.471,200.7,111.1
Kenrich Williams,0.458,200.7,95.3
Kent Bazemore,0.512,195.6,90.8
Kentavious Caldwell-Pope,0.535,195.6,92.9
Kenyon Martin,0.506,205.7,107.4
Kerry Kittles,0.446,195.6,83.9
Kevin Burleson,0.367,190.5,93
Kevin Durant,0.614,205.7,105.8
Kevin Garnett,0.545,210.8,110.5
Kevin Huerter,0.537,200.7,86.2
Kevin Jones,0.418,203.2,117.9
Kevin Knox II,0.47,205.7,97.5
Kevin Love,0.564,208.3,114.9
Kevin Martin,0.571,200.7,85.6
Kevin Murphy,0.268,198.1,83.9
Kevin Ollie,0.469,190.5,88.5
Kevin Porter Jr.,0.535,193,92.1
Kevin Seraphin,0.51,208.3,125.5
Kevin Willis,0.433,213.4,111.1
Kevinn Pinkney,0.501,208.3,111.1
Kevon Looney,0.565,205.7,100
Keyon Dooling,0.536,190.5,88.2
Khem Birch,0.585,205.7,103.7
Khris Middleton,0.565,203.2,102.2
Khyri Thomas,0.404,190.5,95.3
Kim English,0.477,198.1,90.7
Kirk Hinrich,0.512,193,86.2
Kirk Penney,0.333,195.6,99.8
Kirk Snyder,0.526,198.1,102.1
KJ McDaniels,0.524,198.1,93
Klay Thompson,0.573,200.7,95.8
Kobe Bryant,0.54,198.1,95.2
Kosta Koufos,0.535,213.4,119.4
Kosta Perovic,0.396,218.4,108.9
Kostas Papanikolaou,0.454,203.2,106.6
Kris Dunn,0.479,193,93.6
Kris Humphries,0.505,205.7,106.6
Kris Joseph,0.257,200.7,95.3
Kristaps Porzingis,0.539,221,108.9
Kurt Thomas,0.515,205.7,106.1
Kwame Brown,0.517,210.8,121
Ky Bowman,0.486,185.4,84.8
Kyle Anderson,0.523,205.7,104.3
Kyle Collinsworth,0.433,198.1,95.3
Kyle Guy,0.5,185.4,75.7
Kyle Korver,0.607,200.7,96
Kyle Kuzma,0.538,205.7,99.9
Kyle Lowry,0.562,185.4,90.5
Kyle O'Quinn,0.548,208.3,112.8
Kyle Singler,0.5,203.2,103.7
Kyle Weaver,0.516,198.1,91.2
Kyle Wiltjer,0.437,208.3,108.9
Kyrie Irving,0.572,190.5,87.4
Kyrylo Fesenko,0.487,215.9,131.4
KZ Okpala,0.595,203.2,97.5
Lamar Odom,0.527,208.3,104.1
Lamar Patterson,0.372,195.6,102.1
LaMarcus Aldridge,0.544,210.8,111.5
Lamond Murray,0.515,200.7,106.6
Lance Allred,0.307,210.8,113.4
Lance Stephenson,0.487,198.1,102.7
Lance Thomas,0.489,203.2,104.6
Landry Fields,0.512,200.7,97.1
Landry Shamet,0.608,195.6,85.7
Langston Galloway,0.519,188,90.7
Laron Profit,0.52,195.6,92.5
Larry Drew II,0.371,188,81.6
Larry Hughes,0.461,195.6,83.7
Larry Nance Jr.,0.58,205.7,105.7
Larry Owens,0.533,200.7,95.3
Larry Sanders,0.472,210.8,105.8
Latrell Sprewell,0.489,195.6,88.5
Lauri Markkanen,0.553,213.4,107.4
Lavoy Allen,0.49,205.7,113.8
Lawrence Funderburke,0.549,205.7,104.3
Lawrence Roberts,0.502,205.7,108.9
Lazar Hayward,0.429,198.1,102.1
Leandro Barbosa,0.548,190.5,88.5
LeBron James,0.594,205.7,112.5
Lee Nailon,0.524,205.7,108.6
Leon Powe,0.562,203.2,108.9
Lester Hudson,0.474,190.5,86.2
Linas Kleiza,0.527,203.2,109.7
Lindsey Hunter,0.405,188,88.5
Linton Johnson,0.392,203.2,96.6
Lionel Chalmers,0.409,182.9,81.6
Lonnie Walker IV,0.481,195.6,92.8
Lonny Baxter,0.374,203.2,117.9
Lonzo Ball,0.486,198.1,86.2
Loren Woods,0.513,218.4,117.9
Lorenzen Wright,0.426,210.8,112.9
Lorenzo Brown,0.406,195.6,86.3
Lou Amundson,0.455,205.7,102.4
Lou Williams,0.547,188,79.4
Louis King,0.448,200.7,93
Luc Mbah a Moute,0.518,203.2,104.3
Lucas Nogueira,0.573,213.4,99.8
Lucious Harris,0.475,195.6,93
Luguentz Dort,0.522,190.5,97.5
Luis Flores,0.586,188,88.5
Luis Scola,0.534,205.7,110.3
Luka Doncic,0.564,200.7,101.6
Luke Babbitt,0.525,205.7,102.1
Luke Harangody,0.436,200.7,112.5
Luke Jackson,0.48,200.7,97.5
Luke Kennard,0.57,195.6,92.5
Luke Kornet,0.529,218.4,113.4
Luke Ridnour,0.514,188,78.4
Luke Schenscher,0.466,215.9,120.2
Luke Walton,0.464,203.2,106.3
Luke Zeller,0.365,210.8,111.1
Luol Deng,0.526,205.7,100.3
Luther Head,0.532,190.5,83.9
Lynn Greer,0.538,188,79.4
Maalik Wayns,0.447,185.4,88.5
Maceo Baston,0.663,208.3,104.3
Maciej Lampe,0.287,210.8,124.7
Malachi Richardson,0.481,198.1,93
Malcolm Brogdon,0.571,195.6,100.7
Malcolm Delaney,0.488,190.5,86.2
Malcolm Lee,0.309,195.6,90.7
Malcolm Miller,0.567,200.7,95.3
Malcolm Thomas,0.405,205.7,102.1
Malik Allen,0.455,208.3,115.7
Malik Beasley,0.55,195.6,87.8
Malik Hairston,0.518,198.1,99.8
Malik Monk,0.508,190.5,90.7
Malik Newman,0.347,190.5,86.2
Malik Rose,0.457,200.7,114.8
Mamadou N'diaye,0.433,213.4,115.7
Mangok Mathiang,0.538,208.3,104.3
Manny Harris,0.426,195.6,83.9
Manu Ginobili,0.586,198.1,93
Marc Gasol,0.557,215.9,118.3
Marc Jackson,0.51,208.3,114.8
Marcelo Huertas,0.453,190.5,90.7
Marcin Gortat,0.566,213.4,108.9
Marco Belinelli,0.542,195.6,92.9
Marcus Banks,0.535,188,92.5
Marcus Camby,0.478,210.8,106.1
Marcus Cousin,0.667,210.8,111.1
Marcus Derrickson,0.653,200.7,112.9
Marcus Fizer,0.529,203.2,117.9
Marcus Georges-Hunt,0.565,198.1,101.2
Marcus Haislip,0.456,208.3,104.3
Marcus Landry,0.487,200.7,104.3
Marcus Morris,0.496,205.7,106.6
Marcus Morris Sr.,0.56,205.7,104
Marcus Paige,0.403,182.9,74.4
Marcus Smart,0.501,193,99.8
Marcus Thornton,0.525,193,93
Marcus Vinicius,0.586,203.2,102.1
Marcus Williams,0.497,200.7,93.7
Mardy Collins,0.424,198.1,99.8
Marial Shayok,0.3,195.6,89.8
Mario Chalmers,0.546,188,86.2
Mario Hezonja,0.511,203.2,99.7
Mario Kasun,0.506,215.9,117.9
Mario West,0.502,195.6,95.3
Mark Blount,0.526,213.4,113.4
Mark Jones,0.325,198.1,97.5
Mark Madsen,0.375,205.7,111.3
Mark Pope,0.333,208.3,106.6
Markel Brown,0.439,190.5,86.2
Markelle Fultz,0.463,193,92.1
Markieff Morris,0.526,208.3,111.1
Marko Guduric,0.515,198.1,91.2
Marko Jaric,0.483,200.7,100.3
Marquese Chriss,0.524,208.3,108.1
Marquis Daniels,0.487,198.1,90.7
Marquis Teague,0.371,188,86
Marreese Speights,0.527,208.3,114.8
Marshall Plumlee,0.609,213.4,113.4
MarShon Brooks,0.545,195.6,90.7
Martell Webster,0.489,200.7,104
Marvin Bagley III,0.537,210.8,106.4
Marvin Williams,0.549,205.7,107.6
Mason Plumlee,0.596,210.8,110.4
Mateen Cleaves,0.43,188,95.3
Matisse Thybulle,0.522,195.6,91.2
Matt Barnes,0.539,200.7,102.5
Matt Bonner,0.585,208.3,107.7
Matt Carroll,0.446,198.1,96.2
Matt Costello,0.5,208.3,108.9
Matt Freije,0.355,208.3,112.9
Matt Harpring,0.543,200.7,104.1
Matt Mooney,0.5,188,90.3
Matt Thomas,0.663,193,86.2
Matt Walsh,0.532,198.1,99.8
Matt Williams Jr.,0.417,195.6,95.3
Matthew Dellavedova,0.505,193,90.3
Maurice Ager,0.455,195.6,91.6
Maurice Evans,0.532,195.6,99.8
Maurice Harkless,0.541,205.7,98.7
Maurice Ndour,0.503,205.7,90.7
Maurice Taylor,0.444,205.7,118.7
Max Strus,0.727,195.6,97.5
Maxi Kleber,0.587,210.8,105.8
Mehmet Okur,0.539,210.8,117.7
Melvin Ely,0.494,208.3,118.3
Melvin Frazier Jr.,0.405,198.1,94.1
Melvin Sanders,0.548,195.6,95.3
Metta World Peace,0.497,200.7,117
Meyers Leonard,0.597,215.9,113.7
Mfiondu Kabengele,0.614,205.7,113.4
Michael Beasley,0.525,208.3,107
Michael Bradley,0.509,208.3,107
Michael Carter-Williams,0.471,198.1,85.9
Michael Curry,0.461,195.6,95.3
Michael Doleac,0.477,210.8,118.8
Michael Finley,0.527,200.7,102.1
Michael Frazier,0.513,190.5,90.7
Michael Kidd-Gilchrist,0.52,200.7,105.2
Michael Olowokandi,0.453,213.4,122.5
Michael Porter Jr.,0.599,208.3,98.9
Michael Redd,0.531,198.1,97.5
Michael Ruffin,0.424,203.2,112.5
Michael Stewart,0.519,208.3,104.3
Michael Sweetney,0.52,203.2,122.5
Mickael Gelabale,0.55,200.7,97.5
Mickael Pietrus,0.531,198.1,97.5
Mickell Gladness,0.436,210.8,99.8
Mikal Bridges,0.588,200.7,95
Mike Bibby,0.525,188,87.3
Mike Conley,0.541,185.4,81.5
Mike Dunleavy,0.557,205.7,104.3
Mike Hall,0.25,203.2,104.3
Mike Harris,0.507,198.1,108
Mike James,0.466,188,85.8
Mike Miller,0.577,203.2,98.3
Mike Muscala,0.569,210.8,108.1
Mike Scott,0.53,203.2,107.5
Mike Taylor,0.477,188,74.8
Mike Tobey,0.25,213.4,117.9
Mike Wilks,0.507,177.8,81.6
Mikki Moore,0.578,213.4,101.7
Miles Bridges,0.537,200.7,102.1
Miles Plumlee,0.529,210.8,114.1
Milos Teodosic,0.561,195.6,88.9
Milt Palacio,0.489,193,95.3
Milton Doyle,0.337,193,81.6
Mindaugas Kuzminskas,0.267,205.7,97.5
Miroslav Raduljica,0.527,213.4,113.4
Mirza Teletovic,0.544,205.7,111
Mitch McGary,0.512,208.3,115.7
Mitchell Creek,0.55,198.1,102.1
Mitchell Robinson,0.706,215.9,108.9
Mo Bamba,0.546,213.4,102.5
Mo Williams,0.531,185.4,86.9
Monta Ellis,0.519,190.5,82.6
Monte Morris,0.616,190.5,80.6
Montrezl Harrell,0.637,203.2,108.9
Moochie Norris,0.428,185.4,83.9
Moritz Wagner,0.598,210.8,111.1
Morris Almond,0.416,198.1,102.1
Morris Peterson,0.516,200.7,99.5
Moses Brown,0.407,218.4,111.1
Mouhamed Sene,0.55,210.8,104.3
Mustafa Shakur,0.259,193,87.3
Mychal Mulder,0.593,190.5,83.5
Mychel Thompson,0.375,198.1,95.7
Myke Henry,0.472,198.1,95.3
Myles Turner,0.561,210.8,112.6
Nando De Colo,0.528,195.6,89.6
Nassir Little,0.508,195.6,99.8
Nate Robinson,0.476,175.3,81.6
Nate Wolters,0.335,193,86.2
Nathan Jawai,0.368,208.3,127
Naz Mitrou-Long,0.774,193,98.9
Naz Reid,0.511,205.7,119.7
Nazr Mohammed,0.514,208.3,113.4
Ndudi Ebi,0.541,205.7,88.5
Nemanja Bjelica,0.577,208.3,105.5
Nemanja Nedovic,0.306,190.5,87.1
Nenad Krstic,0.528,213.4,110.2
Nene,0.538,210.8,114.8
Nerlens Noel,0.59,210.8,101.6
Nick Calathes,0.481,198.1,96.6
Nick Collison,0.579,208.3,115.7
Nick Fazekas,0.584,210.8,106.6
Nick Johnson,0.43,190.5,91.6
Nick Van Exel,0.493,185.4,86.2
Nick Young,0.531,200.7,94.1
Nickeil Alexander-Walker,0.441,195.6,93
Nicolas Batum,0.554,205.7,91.9
Nicolas Claxton,0.577,210.8,97.5
Nicolas Laprovittola,0.579,193,81.6
Nicolo Melli,0.584,205.7,107
Nigel Hayes,0.393,200.7,115.2
Nigel Williams-Goss,0.254,188,86.2
Nik Stauskas,0.527,198.1,93
Nikola Jokic,0.604,213.4,116.5
Nikola Mirotic,0.565,208.3,105.8
Nikola Pekovic,0.549,210.8,129.3
Nikola Vucevic,0.528,213.4,115.4
Nikoloz Tskitishvili,0.371,213.4,102.1
Noah Vonleh,0.527,208.3,111.7
Noel Felix,0.316,205.7,102.1
Nolan Smith,0.435,188,83.9
Norman Powell,0.562,193,97.5
Norris Cole,0.46,188,79.4
Norvel Pelle,0.521,208.3,104.8
O.J. Mayo,0.522,195.6,95.3
Obinna Ekezie,0.516,205.7,122.5
OG Anunoby,0.576,203.2,105.7
Ognjen Kuzmic,0.574,213.4,115.9
Okaro White,0.361,203.2,94.3
Oleksiy Pecherov,0.483,213.4,106.1
Oliver Lafayette,0.583,188,86.2
Omar Cook,0.432,185.4,86.2
Omari Johnson,0.524,205.7,99.8
Omari Spellman,0.534,205.7,111.1
Omer Asik,0.526,213.4,115.7
Omri Casspi,0.549,205.7,102.1
Orien Greene,0.419,193,94.3
Orlando Johnson,0.424,195.6,99.8
Oshae Brissett,0.458,200.7,95.3
Othella Harrington,0.517,205.7,106.6
Othello Hunter,0.448,203.2,102.1
Othyus Jeffers,0.54,195.6,95.3
Otto Porter Jr.,0.546,203.2,89.8
P.J. Brown,0.474,210.8,108.4
P.J. Tucker,0.554,198.1,111.1
P.J. Washington,0.553,200.7,104.3
Pablo Prigioni,0.569,190.5,83.9
Pape Sow,0.457,208.3,113.4
Pape Sy,0.478,200.7,102.1
Pascal Siakam,0.564,205.7,104.3
Pat Burke,0.471,210.8,113.4
Pat Connaughton,0.535,195.6,94.7
Pat Garrity,0.477,205.7,108
Patrick Beverley,0.543,185.4,85
Patrick Christopher,0.25,196,94
Patrick McCaw,0.515,200.7,83.5
Patrick O'Bryant,0.509,213.4,113.3
Patrick Patterson,0.539,205.7,106.1
Patty Mills,0.554,185.4,83.5
Pau Gasol,0.562,213.4,113.1
Paul Davis,0.457,210.8,122.5
Paul George,0.555,205.7,99.2
Paul Millsap,0.562,203.2,114
Paul Pierce,0.575,200.7,106.1
Paul Shirley,0.47,208.3,104.3
Paul Zipser,0.474,203.2,98.9
Pavel Podkolzin,0.446,226.1,117.9
Peja Stojakovic,0.561,208.3,103.9
Pero Antic,0.527,210.8,117.9
Perry Jones III,0.472,210.8,106.6
Peter John Ramos,0.506,221,124.7
Peyton Siva,0.425,182.9,83.9
Phil Pressey,0.425,180.3,79.4
Pierre Jackson,0.416,177.8,81.6
PJ Dozier,0.462,198.1,93
PJ Hairston,0.458,198.1,104.3
PJ Tucker,0.527,198.1,104.9
Pooh Jeter,0.46,180.3,79.4
Pops Mensah-Bonsu,0.453,208.3,107.7
Predrag Drobnjak,0.501,210.8,122.5
Primoz Brezec,0.482,215.9,114.8
Quentin Richardson,0.467,198.1,104.4
Quincy Acy,0.54,200.7,106.9
Quincy Douby,0.477,190.5,79.4
Quincy Miller,0.382,205.7,95.3
Quincy Pondexter,0.525,200.7,102.1
Quinn Cook,0.564,188,81.3
Quinton Ross,0.455,198.1,87.5
Qyntel Woods,0.495,203.2,100
Raef LaFrentz,0.511,210.8,111.1
Rafael Araujo,0.447,210.8,125.5
Rafer Alston,0.487,188,78.6
Raja Bell,0.558,195.6,95.9
Rajon Rondo,0.495,185.4,81.7
Rakeem Christmas,0.765,205.7,113.4
Ramon Sessions,0.521,190.5,86.2
Randolph Morris,0.423,210.8,121.3
Randy Foye,0.519,193,96.8
Rashad McCants,0.512,193,97.3
Rashad Vaughn,0.464,198.1,91.6
Rashard Lewis,0.554,208.3,103.2
Rasheed Wallace,0.51,210.8,104.3
Rasho Nesterovic,0.528,213.4,115.7
Rasual Butler,0.502,200.7,95
Raul Lopez,0.538,182.9,79.4
Raul Neto,0.545,185.4,81.3
Rawle Alkins,0.418,195.6,102.1
Rawle Marshall,0.472,200.7,86.2
Ray Allen,0.593,195.6,93
Ray McCallum,0.461,190.5,86.2
Ray Spalding,0.516,208.3,97.5
Rayjon Tucker,0.448,190.5,94.8
Raymond Felton,0.496,185.4,91.9
Reece Gaines,0.434,198.1,93
Reggie Bullock,0.531,200.7,93
Reggie Evans,0.503,203.2,111.1
Reggie Hearn,0.75,195.6,95.3
Reggie Jackson,0.511,190.5,94.3
Reggie Miller,0.582,200.7,88.5
Reggie Williams,0.539,201,86
Renaldo Balkman,0.51,203.2,95.6
Richard Hamilton,0.524,200.7,87.5
Richard Jefferson,0.564,200.7,104.1
Richaun Holmes,0.618,208.3,108.4
Richie Frahm,0.496,195.6,94
Rick Brunson,0.458,193,86.2
Ricky Davis,0.52,200.7,91.5
Ricky Ledo,0.466,200.7,88.5
Ricky Rubio,0.505,193,85.2
RJ Barrett,0.476,198.1,97.1
RJ Hunter,0.387,195.6,83.9
Rob Kurz,0.513,205.7,105.2
Robbie Hummel,0.514,205.7,99.6
Robert Covington,0.56,205.7,98.4
Robert Hite,0.391,188,83.5
Robert Horry,0.485,208.3,108.9
Robert Sacre,0.461,213.4,120.2
Robert Swift,0.495,215.9,114
Robert Traylor,0.461,203.2,128.8
Robert Whaley,0.411,208.3,117.9
Robert Williams III,0.685,208.3,108.2
Robin Lopez,0.567,213.4,118.2
Rod Strickland,0.295,190.5,83.9
Rodions Kurucs,0.55,205.7,99.3
Rodney Buford,0.437,195.6,88.5
Rodney Carney,0.512,200.7,92.5
Rodney Hood,0.552,203.2,94.3
Rodney McGruder,0.521,193,91.9
Rodney Purvis,0.423,193,93
Rodney Rogers,0.462,200.7,122.5
Rodney Stuckey,0.51,195.6,93
Rodney White,0.475,205.7,104.3
Rodrigue Beaubois,0.521,188,82.2
Roger Mason Jr.,0.519,195.6,94.6
Roger Powell,0.258,198.1,99.8
Roko Ukic,0.502,195.6,84.6
Romeo Langford,0.476,193,98
Ron Baker,0.423,193,99.8
Ron Mercer,0.422,200.7,97.5
Ronald Dupree,0.426,200.7,94.8
Rondae Hollis-Jefferson,0.517,200.7,98.2
Ronnie Brewer,0.486,200.7,102.6
Ronnie Price,0.445,188,85.6
Ronny Turiaf,0.51,208.3,112.4
Roy Hibbert,0.523,218.4,125.7
Royal Ivey,0.448,193,94.8
Royce O'Neale,0.57,198.1,102.5
Ruben Patterson,0.542,195.6,101.2
Rudy Fernandez,0.55,198.1,83.9
Rudy Gay,0.538,205.7,104.1
Rudy Gobert,0.634,215.9,112
Rui Hachimura,0.548,203.2,104.3
Russ Smith,0.452,182.9,74.8
Russell Westbrook,0.528,190.5,88.3
Ryan Anderson,0.535,208.3,108.9
Ryan Arcidiacono,0.563,190.5,89.2
Ryan Bowen,0.591,205.7,99.2
Ryan Broekhoff,0.595,200.7,97.5
Ryan Gomes,0.49,200.7,112
Ryan Hollins,0.622,213.4,107
Ryan Humphrey,0.428,203.2,106.6
Ryan Kelly,0.467,210.8,104.3
Salah Mejri,0.622,218.4,108.9
Salim Stoudamire,0.519,185.4,80
Sam Cassell,0.522,190.5,83.9
Sam Dekker,0.401,205.7,104.3
Sam Young,0.48,198.1,100.4
Samaki Walker,0.359,205.7,115.7
Samardo Samuels,0.475,205.7,117.9
Samuel Dalembert,0.55,210.8,113.6
Sarunas Jasikevicius,0.546,193,89.4
Sasha Kaun,0.527,210.8,117.9
Sasha Pavlovic,0.481,200.7,103
Sasha Vujacic,0.502,200.7,90.6
Scot Pollard,0.508,210.8,121.7
Scott Machado,0.679,185.4,93
Scott Padgett,0.47,205.7,108.9
Scott Williams,0.36,208.3,117.9
Sean Kilpatrick,0.534,193,97.5
Sean Marks,0.491,208.3,113.4
Sean May,0.488,205.7,120.7
Sean Singletary,0.478,182.9,83.9
Sean Williams,0.551,208.3,106.6
Sebastian Telfair,0.48,182.9,76.7
Sekou Doumbouya,0.481,203.2,104.3
Semaj Christon,0.387,190.5,86.2
Semi Ojeleye,0.525,200.7,108.3
Semih Erden,0.566,213.4,108.9
Serge Ibaka,0.571,213.4,107.8
Sergei Monia,0.413,203.2,99.8
Sergey Karasev,0.513,200.7,92.5
Sergio Rodriguez,0.489,190.5,78.4
Seth Curry,0.492,188,83.9
Shabazz Muhammad,0.537,198.1,101.2
Shabazz Napier,0.522,185.4,79.8
Shai Gilgeous-Alexander,0.56,198.1,81.9
Shake Milton,0.561,198.1,93.4
Shammond Williams,0.53,185.4,91.2
Shamorie Ponds,0.765,182.9,79.4
Shandon Anderson,0.494,198.1,96.4
Shane Battier,0.561,203.2,100.2
Shane Edwards,0.333,200.7,99.8
Shane Larkin,0.489,180.3,79.5
Shannon Brown,0.484,193,95.4
Shaquille Harrison,0.536,200.7,86.2
Shaquille O'Neal,0.596,215.9,147.4
Shareef Abdur-Rahim,0.503,205.7,111.1
Sharrod Ford,0.667,205.7,106.6
Shaun Livingston,0.532,200.7,83.8
Shavlik Randolph,0.459,208.3,108
Shawn Bradley,0.494,228.6,124.7
Shawn Long,0.595,205.7,115.7
Shawn Marion,0.544,200.7,103.5
Shawne Williams,0.481,208.3,103.4
Shayne Whittington,0.505,210.8,113.4
Shelden Williams,0.532,205.7,113.4
Sheldon Mac,0.518,198.1,90.7
Shelvin Mack,0.505,190.5,93
Sherron Collins,0.334,180.3,93
Sim Bhullar,0.5,226.1,163.3
Sindarius Thornwell,0.502,195.6,97.5
Skal Labissiere,0.568,210.8,104.3
Slava Medvedenko,0.515,208.3,113.9
Smush Parker,0.497,193,82.8
Solomon Alabi,0.304,215.9,114.1
Solomon Hill,0.5,200.7,102.1
Solomon Jones,0.438,208.3,108.9
Sonny Weems,0.454,198.1,92.3
Speedy Claxton,0.418,180.3,77.1
Spencer Dinwiddie,0.507,198.1,92.6
Spencer Hawes,0.512,215.9,111.1
Stacey Augmon,0.446,203.2,94.3
Stanley Johnson,0.441,200.7,110.9
Stephane Lasme,0.488,203.2,97.5
Stephen Curry,0.616,190.5,84.9
Stephen Graham,0.528,198.1,97.5
Stephen Jackson,0.49,203.2,98.7
Stephen Zimmerman,0.346,213.4,108.9
Stephon Marbury,0.51,188,92.5
Sterling Brown,0.515,198.1,103
Steve Blake,0.518,190.5,78
Steve Francis,0.509,190.5,93
Steve Nash,0.608,190.5,83.1
Steve Novak,0.586,208.3,104.1
Steven Adams,0.589,213.4,117
Steven Hunter,0.549,213.4,108.9
Steven Smith,0.418,205.7,106.8
Stromile Swift,0.515,208.3,102.5
Sun Sun,0.273,205.7,93
Sundiata Gaines,0.481,185.4,90
Svi Mykhailiuk,0.514,203.2,93
T.J. Ford,0.503,182.9,74.8
T.J. McConnell,0.531,188,88
T.J. Warren,0.574,203.2,98.3
Tacko Fall,0.713,226.1,141.1
Tahjere McCall,0.581,195.6,86.2
Taj Gibson,0.55,205.7,103.5
Tamar Slay,0.351,203.2,99.8
Tarence Kinsey,0.54,198.1,84.2
Tarik Black,0.566,210.8,114.2
Tariq Owens,0.34,208.3,93
Taurean Green,0.446,182.9,80.3
Taurean Prince,0.535,203.2,99.6
Taylor Griffin,0.425,200.7,108
Tayshaun Prince,0.504,205.7,97.4
Terance Mann,0.472,195.6,97.5
Terence Davis,0.605,193,91.2
Terence Morris,0.348,205.7,100.2
Terrance Ferguson,0.538,200.7,85.3
Terrel Harris,0.337,193,86.2
Terrence Jones,0.486,205.7,114.8
Terrence Ross,0.534,200.7,90.3
Terrence Williams,0.473,198.1,99.8
Terry Rozier,0.472,188,86.2
Thabo Sefolosha,0.537,200.7,98.6
Thaddeus Young,0.54,203.2,101.7
Thanasis Antetokounmpo,0.64,200.7,96.2
Theo Pinson,0.432,198.1,97.5
Theo Ratliff,0.482,208.3,106.6
Theron Smith,0.367,203.2,102.1
Thomas Bryant,0.592,210.8,112.5
Thomas Gardner,0.379,195.6,102.1
Thomas Robinson,0.489,208.3,107.5
Thomas Welsh,0.648,213.4,115.7
Thon Maker,0.544,215.9,100.7
Tiago Splitter,0.585,210.8,110.2
Tibor Pleiss,0.464,221,116.1
Tierre Brown,0.437,188,85.7
Tim Duncan,0.545,210.8,116.2
Tim Frazier,0.482,185.4,77.1
Tim Hardaway Jr.,0.548,198.1,93.3
Tim Ohlbrecht,0.436,210.8,115.7
Tim Quarterman,0.513,198.1,86.2
Tim Thomas,0.54,208.3,108.9
Timofey Mozgov,0.571,215.9,117.7
Timothe Luwawu-Cabarrot,0.528,200.7,94.7
TJ Leaf,0.534,208.3,102.4
TJ Warren,0.546,203.2,101.3
Tobias Harris,0.556,205.7,105.2
Tom Gugliotta,0.46,208.3,113.4
Tomas Satoransky,0.555,200.7,95.3
Toney Douglas,0.496,188,87
Toni Kukoc,0.507,210.8,106.6
Tony Allen,0.533,193,96.6
Tony Battie,0.479,210.8,108.9
Tony Bobbitt,0.5,193,86.2
Tony Bradley,0.506,208.3,112.5
Tony Delk,0.519,188,85.7
Tony Massenburg,0.467,205.7,113.4
Tony Mitchell,0.57,203.2,102.3
Tony Parker,0.546,188,82.8
Tony Snell,0.556,200.7,94.9
Tony Wroten,0.465,198.1,93.3
Tornike Shengelia,0.48,205.7,104.3
Torraye Braggs,0.429,203.2,111.1
Torrey Craig,0.547,200.7,98.4
Toure' Murry,0.495,195.6,88.5
Tracy McGrady,0.499,203.2,99.8
Trae Young,0.566,188,81.6
Travis Best,0.508,180.3,82.6
Travis Diener,0.497,185.4,79.4
Travis Leslie,0.39,193,93
Travis Outlaw,0.495,205.7,95.3
Travis Wear,0.474,208.3,102.1
Tremaine Fowlkes,0.531,203.2,99.8
Tremont Waters,0.438,177.8,79.4
Trenton Hassell,0.49,195.6,100.2
Treveon Graham,0.518,198.1,100.8
Trevor Ariza,0.536,203.2,96.1
Trevor Booker,0.548,203.2,106
Trey Burke,0.514,185.4,84.8
Trey Johnson,0.466,195.6,98.4
Trey Lyles,0.525,208.3,106.1
Trey Thompkins,0.445,208.3,111.1
Tristan Thompson,0.551,208.3,107.7
Troy Brown Jr.,0.512,200.7,97.5
Troy Caupain,0.625,193,95.3
Troy Daniels,0.575,193,92.6
Troy Hudson,0.468,185.4,78.9
Troy Murphy,0.533,210.8,111.1
Troy Williams,0.529,200.7,97.7
Ty Jerome,0.446,195.6,88.5
Ty Lawson,0.554,180.3,88.5
Tyler Cavanaugh,0.491,205.7,108
Tyler Cook,0.752,203.2,115.7
Tyler Dorsey,0.502,195.6,83
Tyler Ennis,0.479,190.5,85.8
Tyler Hansbrough,0.528,205.7,113.4
Tyler Herro,0.535,195.6,88.5
Tyler Honeycutt,0.36,203.2,85.3
Tyler Johnson,0.53,193,85.3
Tyler Lydon,0.298,208.3,100.9
Tyler Ulis,0.313,177.8,71.1
Tyler Zeller,0.559,213.4,114.4
Tyreke Evans,0.517,198.1,99.8
Tyrone Wallace,0.452,195.6,89.8
Tyronn Lue,0.548,182.9,79.9
Tyrus Thomas,0.56,208.3,100.4
Tyshawn Taylor,0.429,190.5,83.9
Tyson Chandler,0.644,215.9,107.7
Tyus Jones,0.514,188,87.6
Udonis Haslem,0.484,203.2,106.4
Uros Slokar,0.599,208.3,108
Vander Blue,0.333,195.6,90.7
Vassilis Spanoulis,0.47,193,88.5
Vernon Macklin,0.559,208.3,103
Viacheslav Kravtsov,0.579,210.8,113.6
Victor Claver,0.521,205.7,101.6
Victor Oladipo,0.527,193,95.8
Viktor Khryapa,0.467,205.7,97.1
Vin Baker,0.472,210.8,108.9
Vince Carter,0.531,198.1,99.8
Vincent Edwards,0.375,203.2,102.1
Vincent Hunter,0.6,203.2,94.3
Vincent Poirier,0.54,213.4,106.6
Vitaly Potapenko,0.372,208.3,129.3
Vitor Faverani,0.502,210.8,117.9
Vlade Divac,0.469,215.9,117.9
Vladimir Radmanovic,0.515,208.3,106.4
Vlatko Cancar,0.507,203.2,107
Von Wafer,0.365,195.6,95.1
Voshon Lenard,0.479,193,95.3
Wade Baldwin IV,0.516,193,91.3
Walker Russell,0.401,182.9,77.1
Wally Szczerbiak,0.57,200.7,110.4
Walt Lemon Jr.,0.48,190.5,81.6
Walter Herrmann,0.544,205.7,102.1
Walter McCarty,0.466,208.3,107.7
Walter Sharpe,0.337,205.7,111.1
Wang Zhi-zhi,0.521,215.9,128.8
Wayne Ellington,0.531,195.6,91
Wayne Selden,0.522,195.6,104.3
Wayne Simien,0.491,205.7,113.4
Wendell Carter Jr.,0.564,208.3,119.1
Wenyen Gabriel,0.547,205.7,93
Wes Iwundu,0.508,200.7,88.5
Wesley Johnson,0.492,200.7,97
Wesley Matthews,0.56,195.6,99.8
Wesley Person,0.57,198.1,90.7
Will Barton,0.515,198.1,81.1
Will Blalock,0.383,182.9,93
Will Bynum,0.48,182.9,83.9
Will Cherry,0.347,183,83
Will Solomon,0.506,185.4,83.9
Willie Cauley-Stein,0.565,213.4,108.9
Willie Green,0.505,190.5,91.3
Willie Reed,0.609,210.8,107.4
Willie Warren,0.48,193,92.1
Willy Hernangomez,0.583,210.8,110
Wilson Chandler,0.522,205.7,102.1
Xavier Henry,0.463,198.1,99.8
Xavier Munford,0.35,193,80.1
Xavier Rathan-Mayes,0.315,193,94.3
Yakhouba Diawara,0.423,200.7,102.6
Yante Maten,0.25,203.2,108.9
Yao Ming,0.599,228.6,140.6
Yaroslav Korolev,0.357,205.7,101.6
Yi Jianlian,0.466,213.4,111.2
Yogi Ferrell,0.531,182.9,81.4
Yuta Tabuse,0.451,175.3,74.8
Yuta Watanabe,0.407,205.7,95.3
Zabian Dowdell,0.457,190.5,86.6
Zach Collins,0.554,213.4,108.1
Zach LaVine,0.547,198.1,86.3
Zach Norvell Jr.,0.402,195.6,93
Zach Randolph,0.519,205.7,115.7
Zarko Cabarkapa,0.526,210.8,103.2
Zaza Pachulia,0.546,210.8,124
Zeljko Rebraca,0.609,213.4,120.2
Zendon Hamilton,0.537,210.8,115.2
Zhaire Smith,0.423,193,91.6
Zhou Qi,0.648,215.9,95.3
Zion Williamson,0.623,198.1,128.8
Zoran Dragic,0.435,195.6,90.7
Zoran Planinic,0.492,200.7,90.7
Zydrunas Ilgauskas,0.531,221,117.9
Zylan Cheatham,0.4,195.6,99.8
